{"NInputs":5,"NHiddens":13,"NOutputs":3,"Regression":false,"InputActivations":[0.8274509803921568,0.8549019607843137,0.8705882352941177,0.7411764705882353,1],"HiddenActivations":[0.20149107095799532,0.009665259371171044,3.842752375428538e-10,0.03022392045356213,0.20797420416759754,8.271096200770905e-9,0.9947420715503801,0.03796703170159842,0.003447679470183204,6.097764599433981e-9,0.00047011873599631424,0.24545091688087226,1],"OutputActivations":[0.0871181023863485,0.040828509829824125,0.031263191349147],"Contexts":null,"InputWeights":[[-1.7329586544472715,-1.3887476395966358,-0.24093907324801778,2.3622220382833214,-2.4677007228192465,-5.747476088921298,-29.102854931178356,-1.8559577204548878,-5.218543836296944,-18.718737861719315,5.139604402969841,0.27772642277683,0.7607929369775139],[-1.1471993585270002,-1.2048062566128228,-8.977498024581635,10.391667205193487,2.04455553727756,-13.574419197832952,9.157884681739594,1.8046768425523052,3.8053377834303808,-3.3161653850892514,-3.5526956494822786,2.235528573579149,-0.560688461159836],[1.154880053456754,-2.725879379684542,-12.849442262731822,2.5710109132267975,-0.49748001552392285,0.7043600566587019,2.9354432149254546,16.77965152897635,13.349616295604564,1.8766844933673181,13.313185985447248,0.3592116463394938,0.5265832906908576],[0.24736863981335053,-1.8683321101129076,-1.0145231989944306,23.096152595260058,-0.5725150301177152,-1.0500189341772423,-3.931662537189183,16.73270449712435,0.24730418366022244,-0.6515529014373852,-1.9832708383347144,2.1591658110923393,0.7064988167207931],[-0.1510213411497501,1.307493801352312,-1.8669021307629232,-33.663559593409545,-0.18559043370034836,-2.0849047147071116,21.8533501751044,-30.249499174961706,-16.407017698194974,-1.7424130619375275,-18.99796884086029,-5.177162972555579,0.735971096532501]],"OutputWeights":[[3.902372694999118,4.049991635626751,-2.9117052123452436],[2.671951895974802,3.418531213429645,5.810235140978581],[-0.5451082390383014,0.6064021348006866,16.12316405498739],[-6.683633406055238,-14.605627007892775,-10.10254341508507],[4.118951156847316,-2.492123137439989,-0.9970975670885801],[1.9823014854507335,17.49384617525487,-1.0241083980949253],[16.601617114884984,0.03860247439111418,-0.4748836405828489],[0.8581543559608618,-0.5052114716055598,-12.734767340140309],[-0.16413801960582503,-0.4863626496748919,-9.923706322708307],[18.938145263175056,-0.35816090736116957,-1.8220986670194863],[-0.649972066388549,-0.304820795851596,-9.141264988837502],[-5.120986258958671,-9.738906120969999,-7.325260775853668],[-19.1050674559805,-0.6730366795193933,0.40209105555669894]],"InputChanges":[[-0.00007019338905889926,-0.0000029774811002332893,1.6429473136673316e-14,0.000032436972270669634,-0.000016660698515796247,-8.495411650784654e-12,-0.00000483764259259303,-0.0000020503676186584906,2.5199326214651712e-8,-6.3270189454967185e-12,1.2668979787782543e-8,0.00014319795468476691,0],[-0.00007252207969118501,-0.0000030762600940798913,1.6974526747842576e-14,0.00003351308035547858,-0.000017213423111107023,-8.77724995199552e-12,-0.00000499813310514351,-0.000002118389293211142,2.603532281892926e-8,-6.536920047953956e-12,1.3089277695434097e-8,0.000147948597731181,0],[-0.00007385276005249117,-0.000003132705233420807,1.728598595422501e-14,0.00003412799926108369,-0.000017529265736998898,-8.9383004098303e-12,-0.00000508984196945807,-0.0000021572588215269427,2.6513035164230714e-8,-6.656863535072377e-12,1.3329447928377842e-8,0.00015066325090056046,0],[-0.00006287464707171546,-0.000002667032833858255,1.471644750156994e-14,0.000029054918289841523,-0.000014923564073390953,-7.609634132693364e-12,-0.0000043332438388629515,-0.0000018365852129215865,2.2571908315493716e-8,-5.667329766345403e-12,1.1348043506591947e-8,0.00012826736225317987,0],[-0.00008483087303326688,-0.0000035983776329833594,1.9855524406880077e-14,0.00003920108023232586,-0.00002013496740060684,-1.0266966686967237e-11,-0.000005846440100053188,-0.000002477932430132299,3.045416201296771e-8,-7.646397303799352e-12,1.5310852350163738e-8,0.00017305913954794108,0]],"OutputChanges":[[-0.000013517972536007358,-0.000012726308701767104,6.673354040573712e-7],[-6.484392092993312e-7,-6.104641454102572e-7,3.201119403015304e-8],[-2.5780904745178114e-14,-2.4271077006855257e-14,1.2727138214892043e-15],[-0.0000020277133109630323,-0.0000019089627150270587,1.0010117109497348e-7],[-0.00001395292390262623,-0.000013135787663727042,6.888074439816097e-7],[-5.549052409771772e-13,-5.224078816622459e-13,2.7393746526313842e-14],[-0.00006673693250869845,-0.00006282856416910172,0.0000032945708169337524],[-0.0000025471962076320605,-0.0000023980227194536455,1.257462393791491e-7],[-2.3130373057875497e-7,-2.1775770526051327e-7,1.1418662679968827e-8],[-4.090971078483694e-13,-3.8513882681819533e-13,2.0195704869017862e-14],[-3.1540118039203346e-8,-2.9693008887827545e-8,1.5570262004634606e-9],[-0.000016467224763647994,-0.000015502841513056183,8.1292975422765e-7],[-0.00006708968527357442,-0.00006316065839175646,0.0000033119849970745854]]}
