{"NInputs":5,"NHiddens":13,"NOutputs":3,"Regression":false,"InputActivations":[0.8274509803921568,0.8549019607843137,0.8705882352941177,0.7411764705882353,1],"HiddenActivations":[0.0008769237396955075,0.10563902480336819,6.551007222745874e-12,0.11760618599010025,0.013397081716254255,1.574063282175253e-8,0.9872085974958843,0.0025365483822251803,0.8181725384632063,1.0374729932286133e-8,0.6361207883667592,0.05690752319552758,1],"OutputActivations":[0.08896565533446056,0.04228897856108785,0.028589037175609632],"Contexts":null,"InputWeights":[[-5.207445979543547,-0.6896882220101624,1.0098023418189321,0.3216904177850394,-1.2824686755182706,-6.299318410297847,-26.260345508137046,-4.432185543360131,2.8855515670062934,-19.167781632745232,0.07576427724567608,-1.1373494806294766,0.7607929369775139],[-1.7219954920099727,0.5743976409353785,-12.03946610946535,3.7152023945364445,-3.4918119308544178,-12.31864735161904,7.750252352800872,3.831667113235056,-0.23300998822165628,-3.0546432586770202,0.5298993076301437,6.655762400538073,-0.560688461159836],[5.507035077537191,-2.795187150783744,-16.963959872171912,2.4167051973874405,-0.3427265237238718,0.010552510292260509,2.3570574115082015,16.638914544383073,-0.07924791107337611,1.4434629142764335,0.348297951958085,-0.643672186196785,0.5265832906908576],[-1.1912959444397089,0.5751397182551421,-0.9615845928333541,14.405784139773953,-1.0047154297630982,-1.1463884418153505,-4.35711988201181,0.587762715967055,0.21516462108636097,-0.21663714707797885,3.2248191351563023,0.12217788395354671,0.7064988167207931],[-5.168570687658196,-0.049075675598780406,-0.8130732941914016,-18.238684962733657,0.7901371692735091,-1.3829181569839026,20.626814131722032,-20.50398280435966,-0.7743393769814806,-1.0081680513765632,-2.6503049030758166,-7.0867313590489065,0.735971096532501]],"OutputWeights":[[0.33371783458745663,-0.4714749529932699,-6.128430162152718],[-0.33766606287246637,-0.8270107084695678,5.223479835700682],[-0.3615351276697766,0.4906883077492875,12.723923207484393],[-2.29567530567231,-7.714479477787377,-9.306136561848401],[0.689318816261204,4.0503970307739054,2.38656322460099],[1.423537705824703,11.244944147901712,0.10929251798656903],[13.579707449795915,0.33892384650699614,-1.8207065560147346],[0.3648548455141602,0.117910569809893,-10.837240017147213],[-5.646506847709089,-0.74180403606107,1.6030671899296833],[13.114393537051596,0.005030758736587265,0.1657519199695375],[-1.797249932395606,-2.062826835466723,-2.5442157293406087],[-0.5199778758333763,-8.477657474621605,-3.8696209758240667],[-9.64491567207716,-0.11283881667158478,-0.6574524493215749]],"InputChanges":[[-3.5367983029740824e-7,0.00004537197690481973,5.428104184431111e-15,0.00006367657668599184,-0.0000051405717104164815,-2.216414134526061e-11,-0.000032861487244320706,-0.0000019512014984175828,0.00017822262625993761,-2.4451605086070023e-11,0.00008658507509390684,0.00003861309899166831,0],[-3.6541328438310426e-7,0.00004687720836611706,5.608183470170531e-15,0.00006578906975140389,-0.000005311112004126981,-2.2899444612638925e-11,-0.000033951678764274476,-0.0000020159333016826213,0.0001841352252353858,-2.5262795776129216e-11,0.00008945756573683266,0.00003989410227575209,0],[-3.721181152892163e-7,0.00004773734062971555,5.711085919164486e-15,0.00006699620864592507,-0.0000054085636005329805,-2.3319617908283677e-11,-0.0000345746453471052,-0.0000020529229035483577,0.0001875138532213562,-2.5726333313305902e-11,0.00009109898896136171,0.0000406261041523714,0],[-3.1680326031379225e-7,0.000040641249455028106,4.86214071496436e-15,0.0000570373127661254,-0.000004604587930183483,-1.985318821921448e-11,-0.000029435171038751727,-0.0000017477586881560341,0.00015964017233710055,-2.1902148631598267e-11,0.00007755724735899713,0.00003458708867026214,0],[-4.2743297026464034e-7,0.00005483343180440299,6.5600311233646125e-15,0.00007695510452572474,-0.000006212539270882478,-2.6786047597352872e-11,-0.00003971411965545868,-0.000002358087118940681,0.00021538753410561183,-2.9550517995013535e-11,0.00010464073056372628,0.00004666511963448066,0]],"OutputChanges":[[-1.912740893477394e-7,-1.0915091331394381e-7,6.778871954419233e-8],[-0.000023041921839022853,-0.000013148915369637214,0.000008166199523580068],[-1.4289018350401488e-15,-8.154054784025343e-16,5.064116424866054e-16],[-0.000025652191985050142,-0.000014638470862524821,0.000009091295397605794],[-0.0000029221635693014303,-0.0000016675380524861178,0.0000010356328310704978],[-3.4333375554221836e-12,-1.959240434328193e-12,1.2167960513560693e-12],[-0.0002153293575423679,-0.00012287809665806148,0.00007631405527976812],[-5.532704383907655e-7,-3.157248002899556e-7,1.9608246317136216e-7],[-0.0001784593119559263,-0.00010183813686313902,0.00006324708322744287],[-2.2629299791972896e-12,-1.291345183433792e-12,8.019963719658041e-13],[-0.000138750291504557,-0.0000791781108039416,0.00004917396093507272],[-0.000012412635424876798,-0.000007083293392630798,0.000004399114717997869],[-0.000218119410718833,-0.00012447024567021538,0.00007730286737103329]]}
